date,volume
1612134000,383788060.0375311
1612137600,413748111.56244427
1612141200,423416602.0181678
1612144800,443280466.38914907
1612148400,450546910.6380927
1612152000,455108789.43403023
1612155600,453606129.0383788
1612159200,460785485.9321716
1612162800,458152368.46844804
1612166400,459849232.50245875
1612170000,472367784.68006945
1612173600,464075310.8960388
1612177200,463198973.68687767
1612180800,464483285.49481773
1612184400,435293249.77901345
1612188000,466404620.13136554
1612191600,478486097.94829273
1612195200,475147799.5334077
1612198800,473496381.7207564
1612202400,476778986.77348584
1612206000,474721838.429784
1612209600,474139838.5788208
1612213200,473283626.26077235
1612216800,470862003.2199079
1612220400,474512169.50488997
1612224000,468392026.4173824
1612227600,460809778.79601544
1612231200,452255962.1866887
1612234800,448320514.0244273
1612238400,447429387.7925276
1612242000,450576568.953994
1612245600,449284739.14364624
1612249200,459148658.3899263
1612252800,465806775.54258513
1612256400,461017569.7735882
1612260000,474803950.7661699
1612263600,476665812.9313538
1612267200,471647998.40803874
1612270800,468039634.9016174
1612274400,475622448.6618258
1612278000,466163323.981216
1612281600,464981245.613923
1612285200,461466045.7945325
1612288800,457956387.58485055
1612292400,463002949.80537003
1612296000,467664620.74481195
1612299600,469459065.14660925
1612303200,483973816.21252465
1612306800,488738712.2568976
1612310400,496935986.1492735
1612314000,513670517.07298094
1612317600,521184013.48932356
1612321200,516902787.8150328
1612324800,513400321.7368923
1612328400,521606376.89166534
1612332000,523139758.5916072
1612335600,519157377.2710886
1612339200,505256302.1855172
1612342800,496662933.1844807
1612346400,477544494.6806948
1612350000,477259061.8525889
1612353600,453516964.15938634
1612357200,467751847.18952864
1612360800,461783274.07626873
1612364400,459149668.9231536
1612368000,457156990.8406437
1612371600,452451812.48465717
1612375200,456082305.8219631
1612378800,451268557.81693184
1612382400,444625609.91194355
1612386000,438737640.4941797
1612389600,434088834.87547576
1612393200,427090976.76596177
1612396800,435511949.57229966
1612400400,423955222.07617635
1612404000,414114409.519148
1612407600,406135743.18850046
1612411200,395774982.1401135
1612414800,397335362.9223387
1612418400,389651300.75953585
1612422000,394099327.8021454
1612425600,397568174.1459742
1612429200,397901231.05909604
1612432800,409682879.872641
1612436400,422853581.38511586
1612440000,420613182.1991284
1612443600,430116924.97947985
1612447200,432787695.9760316
1612450800,431895091.6371466
1612454400,434103236.4456394
1612458000,439522988.75285584
1612461600,439510234.4851393
1612465200,442284144.1415345
1612468800,448677843.7971474
1612472400,454861230.90471053
1612476000,451138177.35792273
1612479600,447970048.54169357
1612483200,437738494.6588774
1612486800,441443466.1929999
1612490400,438605517.73894286
1612494000,443529900.70517683
1612497600,445896625.08541757
1612501200,435733814.15204203
1612504800,436271378.4807471
1612508400,414248221.10332197
1612512000,418213348.6984011
1612515600,430926363.0980886
1612519200,422478043.74028856
1612522800,415806166.06678313
1612526400,423795303.63655794
1612530000,423759785.87031204
1612533600,432811901.0062217
1612537200,436611067.24889296
1612540800,439928435.8380866
1612544400,440884263.8019633
1612548000,443941224.4600355
1612551600,448219398.35572934
1612555200,446893825.7257249
1612558800,452806283.16687787
1612562400,451553525.6584633
1612566000,462554768.42683953
1612569600,470261481.0068241
1612573200,470917306.2453376
1612576800,479946206.27560216
1612580400,492011275.26362234
1612584000,491664484.4168256
1612587600,490372930.0087995
1612591200,494458785.4459533
1612594800,494001806.7377533
1612598400,495887395.85954857
1612602000,495291774.64210933
1612605600,487797435.9476028
1612609200,477358461.76155967
1612612800,481108965.96887726
1612616400,468496496.4789141
1612620000,461458302.31851363
1612623600,442467896.84058917
1612627200,442089041.21153706
1612630800,438237573.9073468
1612634400,432545530.12691987
1612638000,431092493.6479261
1612641600,423150024.3384337
1612645200,413066880.8408505
1612648800,415025341.05469453
1612652400,404139781.6595828
1612656000,392261792.09086776
1612659600,394107580.8185085
1612663200,376561540.85854906
1612666800,370870264.1051751
1612670400,366866824.7927778
1612674000,366525258.5951531
1612677600,373768909.34903455
1612681200,374966965.18576986
1612684800,380347832.8958261
1612688400,381065115.17759687
1612692000,381006975.08750653
1612695600,383366808.86247087
1612699200,369484274.38529795
1612702800,378191690.42577845
1612706400,386945939.1860751
1612710000,388853575.81541085
1612713600,383625346.4449469
1612717200,395231598.2350595
1612720800,392841798.08331865
1612724400,385678297.2637978
1612728000,382680041.1165258
1612731600,383807143.34706765
1612735200,384978551.44484955
1612738800,399717545.6963453
1612742400,393515386.7253903
1612746000,383470933.6111865
1612749600,389334628.1787678
1612753200,384908064.24334896
1612756800,386578821.0809124
1612760400,383363478.74637276
1612764000,388984859.0482642
1612767600,392202507.6718773
1612771200,385292326.3622939
1612774800,384380028.89726514
1612778400,381420835.9549565
1612782000,388012817.6028692
1612785600,394423806.47265655
1612789200,443171891.60684294
1612792800,441901535.39303565
1612796400,447227494.99709296
1612800000,440182669.5105592
1612803600,438078663.3386557
1612807200,437645580.3479018
1612810800,438607782.7526853
1612814400,445389964.5724811
1612818000,455756856.0802851
1612821600,473946454.487483
1612825200,474720438.69380105
1612828800,490616422.93667376
1612832400,528922292.34825116
1612836000,530582750.5370356
1612839600,536164014.40145314
1612843200,545379910.0743483
1612846800,547830082.2517164
1612850400,556371792.7518728
1612854000,560001135.9722905
1612857600,856212505.5771807
1612861200,858714330.6267645
1612864800,857521509.9851028
1612868400,859276354.0509323
1612872000,859658743.4160031
1612875600,829953466.6131321
1612879200,821779577.9389149
1612882800,823697061.5388136
1612886400,840060162.2758348
1612890000,868077780.9320884
1612893600,891423974.4325174
1612897200,913284586.6381613
1612900800,916308289.4915873
1612904400,911591042.9746646
1612908000,906679246.809277
1612911600,906936401.8371084
1612915200,896234152.812728
1612918800,871637586.4488293
1612922400,875967924.5926707
1612926000,878953403.280932
1612929600,875569546.3015178
1612933200,870399834.3046776
1612936800,883689204.3052133
1612940400,881469817.5871888
1612944000,885839625.0748582
1612947600,586598741.3436733
1612951200,610054935.8332604
1612954800,645126532.1139759
1612958400,649639076.6954203
1612962000,645892258.7185967
1612965600,663872223.410979
1612969200,663419663.5080122
1612972800,647991893.4657447
1612976400,647734620.5173208
1612980000,643536144.3522805
1612983600,617703950.3894279
1612987200,617986873.2669076
1612990800,614229742.0112742
1612994400,634147552.146971
1612998000,635268974.0532138
1613001600,652125708.9507132
1613005200,647633725.7527043
1613008800,653932533.2122927
1613012400,652005318.4320828
1613016000,653054301.1260835
1613019600,652366917.0315793
1613023200,649348976.090205
1613026800,661591575.7152505
1613030400,673175519.8684961
1613034000,682315203.2643489
1613037600,673256074.4408791
1613041200,661785448.0933098
1613044800,656381183.5668592
1613048400,632474989.5662796
1613052000,640280918.1140745
1613055600,692586765.13841
1613059200,686895446.4018531
1613062800,726105858.5168653
1613066400,732061021.8384159
1613070000,736547472.3089147
1613073600,738087510.1069194
1613077200,732558875.9795731
1613080800,752434216.2422881
1613084400,786046724.1894349
1613088000,786177294.154575
1613091600,883367762.4516845
1613095200,899605291.4958326
1613098800,954583247.7981429
1613102400,950142245.3365533
1613106000,1030254584.6241107
1613109600,1071303918.1216037
1613113200,1064375951.3925188
1613116800,1051570133.6736165
1613120400,1040110498.2708595
1613124000,1025136949.4741198
1613127600,1030387288.1016331
1613131200,1035021865.7167315
1613134800,1039321346.0549349
1613138400,1034753110.4983226
1613142000,983408241.3907448
1613145600,1000803878.4327363
1613149200,994071570.1661395
1613152800,993644011.736162
1613156400,995635079.6305927
1613160000,998391374.6715671
1613163600,997179220.0288657
1613167200,994675816.2591985
1613170800,978347296.1163442
1613174400,976089024.375689
1613178000,916193964.7352363
1613181600,910390019.8304381
1613185200,874695863.7740349
1613188800,864218952.2124621
1613192400,845785796.0551203
1613196000,829415318.1335377
1613199600,815419447.3761747
1613203200,811490237.1562462
1613206800,858044972.4616567
1613210400,905861665.1416622
1613214000,954107963.8489127
1613217600,957186577.9906564
1613221200,978348386.008329
1613224800,993795837.9600554
1613228400,978282069.9006706
1613232000,1004166563.3009552
1613235600,1094011877.063883
1613239200,1292608347.8425546
1613242800,1352474421.4962854
1613246400,1338632616.7245486
1613250000,1354473958.8560245
1613253600,1346195298.9305496
1613257200,1366446045.8950984
1613260800,1372095990.9590738
1613264400,1359747686.9055374
1613268000,1353492151.553184
1613271600,1364549425.1414032
1613275200,1352570746.645486
1613278800,1370809609.8790326
1613282400,1375246640.9405766
1613286000,1391990397.48136
1613289600,1357119707.1057985
1613293200,1311224424.4483554
1613296800,1280230497.5872314
1613300400,1272366089.483027
1613304000,1241577428.0773578
1613307600,1234426206.7869937
1613311200,1214857165.5410213
1613314800,1228180136.596716
1613318400,1207517740.0388613
1613322000,1194925586.7270093
1613325600,1021182610.6961203
1613329200,982565166.5040079
1613332800,968334918.6658274
1613336400,961882838.1204176
1613340000,964113696.9606417
1613343600,958609896.1818383
1613347200,941216176.0804152
1613350800,922619147.2155036
1613354400,903935054.3553213
1613358000,861713753.0417057
1613361600,882107452.6351651
1613365200,869066236.2063036
1613368800,869214562.8330156
1613372400,881181681.9988053
1613376000,912793310.1655788
1613379600,932208247.4931176
1613383200,938524488.4080395
1613386800,943943338.5823276
1613390400,937574251.8269664
1613394000,953121578.0573578
1613397600,945709083.9808198
1613401200,952590488.8924308
1613404800,959398597.5178194
1613408400,972260364.6166145
1613412000,959888831.3387426
1613415600,947209287.2557731
1613419200,948234888.4249617
1613422800,938080565.9085854
1613426400,936337674.2670321
1613430000,957714783.1450245
1613433600,967057092.6451494
1613437200,963333855.3274155
1613440800,955184925.7978312
1613444400,936492013.6041279
1613448000,933775769.7422692
1613451600,900514199.334688
1613455200,893737526.7719252
1613458800,889862600.9990692
1613462400,878513912.5737438
1613466000,878409897.5538721
1613469600,881264240.2314421
1613473200,875145099.005642
1613476800,861977741.6439183
1613480400,848634104.2126197
1613484000,839417551.1839592
1613487600,826212742.5618595
1613491200,818734270.2019736
1613494800,794197955.3827249
1613498400,798287573.5649457
1613502000,815978868.3261454
1613505600,810344444.309908
1613509200,827880282.7455745
1613512800,818805100.436395
1613516400,823500249.4356858
1613520000,824846280.3051264
1613523600,841799962.4423069
1613527200,848167995.2512909
1613530800,879997856.3358078
1613534400,909449643.0311387
1613538000,919999761.8329723
1613541600,966273263.784924
1613545200,968786384.7382123
1613548800,1011675893.7609612
1613552400,1010488414.1298993
1613556000,1012728373.7947491
1613559600,1029217529.0302446
1613563200,1046568462.147289
1613566800,1040468222.4460787
1613570400,1044920246.0886813
1613574000,1063103318.2046862
1613577600,1053119659.3102436
1613581200,1076224734.479071
1613584800,1073617380.633413
1613588400,1065478266.8466904
1613592000,1120045352.4524713
1613595600,1128226652.385198
1613599200,1153932476.111425
1613602800,1152883675.5995624
1613606400,1186094856.2404177
1613610000,1187955426.4031641
1613613600,1172358843.4083443
1613617200,1159826031.655942
1613620800,1131166859.8162494
1613624400,1121078256.8078043
1613628000,1124623220.7653546
1613631600,1103478740.1236784
1613635200,1100349075.70652
1613638800,1084264962.4098716
1613642400,1080377405.5241454
1613646000,1039933837.1100373
1613649600,958467046.7765582
1613653200,1029237742.7876571
1613656800,1030705796.9403174
1613660400,1032678913.8694148
1613664000,1007357341.7237642
1613667600,986976469.9097602
1613671200,958338166.4127637
1613674800,958845181.4894576
1613678400,943086108.4117342
1613682000,927819069.0666617
1613685600,921516560.5920092
1613689200,927330044.0939678
1613692800,919441940.6687524
1613696400,906841900.7205527
1613700000,890617013.7545573
1613703600,883775017.6004124
1613707200,881834676.9564253
1613710800,894410237.276379
1613714400,869242563.3312541
1613718000,894045155.3227601
1613721600,863693953.1854625
1613725200,899541378.2748178
1613728800,863457463.9508734
1613732400,901311408.7248698
1613736000,896617529.4213208
1613739600,890555681.8656478
1613743200,890157127.0955746
1613746800,919835906.6131582
1613750400,924801012.8114966
1613754000,954360601.8998588
1613757600,978329290.3189094
1613761200,979711622.7732542
1613764800,987932175.2565145
1613768400,1035553449.1195248
1613772000,1037796506.3879824
1613775600,1032108535.2135949
1613779200,1053234294.350537
1613782800,1055669136.4542043
1613790000,1060611002.5364271
1613793600,1067194061.5235645
1613797200,1045766211.4713793
1613800800,1040190458.3585206
1613804400,1028803923.6778039
1613808000,1030323130.8927765
1613811600,1031420091.5232247
1613815200,1022999928.225617
1613818800,1039996984.9488629
1613822400,1022034265.0166432
1613826000,1019426387.4299597
1613829600,1014383533.1835797
1613833200,993612080.1858227
1613836800,989651029.932516
1613840400,1005086963.5345421
1613844000,995363718.9828889
1613847600,1002308863.2526623
1613851200,984804738.6654241
1613854800,976428659.7425737
1613858400,1003219678.6140145
1613862000,1016568895.4881005
1613865600,1029216210.8709704
1613869200,1042906718.7846024
1613872800,1049278260.618121
1613876400,1047490781.9588507
1613880000,1027195026.8495128
1613883600,1025781072.5117974
1613887200,1034304758.7807343
1613890800,1008722118.5033628
1613894400,980907238.2197806
1613898000,985021441.2902275
1613901600,1006386505.2882086
1613905200,1015446640.7931701
1613908800,1038932046.5308613
1613912400,1039227427.3306025
1613916000,1037958515.2630371
1613919600,1027688356.2698239
1613923200,1034581587.6091177
1613926800,1028097874.5588353
1613930400,1020669582.5450631
1613934000,1017394165.4684681
1613937600,1010357199.6982927
1613941200,974401104.1331947
1613944800,954023905.7971026
1613948400,936713319.7189256
1613952000,922130298.4155465
1613955600,904702087.68939
1613959200,896945534.057897
1613962800,903252139.6408699
1613966400,898688289.0463413
1613970000,917316974.5596278
1613973600,926929425.3384534
1613977200,944958840.3201432
1613980800,949881454.1507761
1613984400,932915453.8320805
1613988000,935701899.3469361
1613991600,971051470.7286689
1613995200,963364970.0631142
1613998800,944368157.8808266
1614002400,913955848.4953026
1614006000,971987145.1646274
1614009600,983131999.7285771
1614013200,994902436.4763792
1614016800,982719577.786447
1614020400,1006999367.6438978
1614024000,1030267998.1822256
1614027600,1043552907.4840117
1614031200,1051165280.659345
1614034800,1040780397.0600452
1614038400,1046895264.0232273
1614042000,1017197672.0786637
1614045600,992895746.4487088
1614049200,978355100.3308227
1614052800,1019525072.928452
1614056400,992468300.8475554
1614060000,1007096337.727278
1614063600,1017474410.7994248
1614067200,1041917075.4467368
1614070800,975326512.1924592
1614074400,1040464618.9222075
1614078000,1027639293.1981719
1614081600,1054002109.8264399
1614085200,1115556032.9161227
1614088800,1127087576.2781825
1614092400,1066264859.9355252
1614096000,1096210184.158875
1614099600,1094076289.3111625
1614103200,1113305753.245894
1614106800,1136699425.5636296
1614110400,1133539883.7141316
1614114000,1193671354.5480342
1614117600,1200073199.1849544
1614121200,1236952341.906575
1614124800,1270839692.7389083
1614128400,1292012812.666601
1614132000,1349865108.3157773
1614135600,1337479179.6613383
1614139200,1340375710.4463065
1614142800,1314468718.939505
1614146400,1273512741.9922032
1614150000,1243133018.3193874
1614153600,1244006903.9185786
1614157200,1226012390.3908367
1614160800,1169567351.1850607
1614164400,1127277058.0941145
1614168000,1108131971.7987928
1614171600,1044863826.1299908
1614175200,1055841676.4232544
1614178800,1036188344.3516583
1614182400,1028152577.3420882
1614186000,1015551004.4360557
1614189600,1004034496.8022478
1614193200,966000758.4301882
1614196800,918784473.8331628
1614200400,915995071.6284902
1614204000,905654837.9069028
1614207600,916089642.242273
1614211200,907910715.7613755
1614214800,884273661.3112435
1614218400,871059428.3050343
1614222000,854071717.6449158
1614225600,845262344.5510501
1614229200,827998115.2055259
1614232800,823267099.1996814
1614236400,798568584.7077302
1614240000,819526582.6815535
1614243600,830981502.5954595
1614247200,834191340.2899172
1614250800,852220340.631239
1614254400,843382696.0369233
1614258000,863508312.3985499
1614261600,826778546.1337943
1614265200,807429519.7828453
1614268800,792762024.3739057
1614272400,770290472.3225921
1614276000,748692394.6248454
1614279600,751630031.9287117
1614283200,754748939.82444
1614286800,738248298.6134303
1614290400,721459745.9165553
1614294000,726116032.0356139
1614297600,714769848.2129292
1614301200,712632554.4905277
1614304800,711744047.7108828
1614308400,734046284.2321049
1614312000,739038098.5990566
1614315600,741303234.8549469
1614319200,741786303.2745389
1614322800,757734524.3294928
1614326400,732761886.6577834
1614330000,729035787.3466275
1614333600,745660943.0799023
1614337200,760007927.5294625
1614340800,757099680.860799
1614344400,772457416.2370956
1614348000,751296969.2973688
1614351600,770379830.3239918
1614355200,783494280.0545154
1614358800,813342410.362372
1614362400,818684769.6708149
1614366000,812562646.8028395
1614369600,801139393.1719187
1614373200,803297664.1000329
1614376800,803668872.9652749
1614380400,799258350.6307746
1614384000,810101705.222994
1614387600,822998149.9190987
1614391200,822059268.8507862
1614394800,826665921.2310683
1614398400,838281831.3929502
1614402000,792221098.4515843
1614405600,809501111.6507059
1614409200,827463515.5264328
1614412800,812182272.1791782
1614416400,813198788.829241
1614420000,824662803.3946035
1614423600,810746050.8912084
1614427200,812917544.0729638
1614430800,826209266.1606959
1614434400,832631058.2537086
1614438000,789172833.9205292
1614441600,811664160.5608435
1614445200,803857743.3765949
1614448800,790240661.1021767
1614452400,785925714.3620585
1614456000,775521639.2966422
1614459600,763051902.252115
1614463200,739585101.1254739
1614466800,713237291.4004526
1614470400,735549952.5431657
1614474000,724494826.5520588
1614477600,702034699.083413
1614481200,687587966.2920568
1614484800,688339171.8829046
1614488400,697576515.1050073
1614492000,715512823.2504649
1614495600,719265764.2954711
1614499200,715940193.2469339
1614502800,721049573.3461688
1614506400,706517687.7309519
1614510000,722078291.8186662
1614513600,781956105.0188212
1614517200,801930063.4404207
1614520800,796312880.4148624
1614524400,815771644.8943002
1614528000,808757797.1783464
1614531600,825106216.6472062
1614535200,833310704.3543006
1614538800,859591085.6847299
1614542400,882287207.4108315
1614546000,900964454.4600173
1614549600,920943537.5864184
1614553200,936006903.6898929
1614556800,933282099.8421125
1614560400,947618498.8033181
1614564000,946731240.6852121
1614567600,937799810.35945
1614571200,919520490.8977218
1614574800,926692201.5471762
1614578400,898749193.47072
1614582000,880986996.9810666
1614585600,873820947.0001276
1614589200,887426568.4794984
1614592800,888130200.5404797
1614596400,883084103.1474401
1614600000,839988381.2923106
1614603600,817370297.2182329
1614607200,795667889.350216
1614610800,777686788.5587059
1614614400,770257074.0973912
1614618000,749408407.2067167
1614621600,727115552.835658
1614625200,716842602.1436261
1614628800,704385956.6726109
1614632400,692194142.638156
1614636000,680565999.4242767
1614639600,715282395.2190905
1614643200,715295637.716114
1614646800,706432580.2148468
1614650400,713628044.5778563
1614654000,724037528.4960097
1614657600,692835492.1045278
1614661200,729458247.5484815
1614664800,718003501.0409676
1614668400,713900639.281986
1614672000,709839004.8263887
1614675600,712478715.216785
1614679200,710293457.6152276
1614682800,694529278.0599233
1614686400,693942986.1213797
1614690000,693599061.7933693
1614693600,698301093.9961197
1614697200,707347625.5602547
1614700800,694561974.3200699
1614704400,680086148.0294329
1614708000,692846483.0296786
1614711600,695742213.8933136
1614715200,704738074.1276455
1614718800,702543966.9273642
1614722400,726542703.9200981
1614726000,687521903.3418602
1614729600,701478784.2316247
1614733200,702476502.5714197
1614736800,712419430.2995058
1614740400,705411456.2444111
1614744000,698551896.1119226
1614747600,703599949.8026118
1614751200,706588964.3073912
1614754800,719566088.5988466
1614758400,719870703.5362889
1614762000,742192143.2648281
1614765600,747793396.9957744
1614769200,755863967.9865372
1614772800,757218640.3278078
1614776400,765093139.55206
1614780000,749405682.0267161
1614783600,749403980.9370794
1614787200,751881718.3586893
1614790800,748098913.2733761
1614794400,750386705.948927
1614798000,736585564.7181084
1614801600,758182677.6974738
1614805200,750886664.0462544
1614808800,756025236.8973181
1614812400,756814412.0146906
1614816000,751323969.270465
1614819600,748241141.5397278
1614823200,750746004.8959272
1614826800,747471938.6742945
1614830400,731955078.2655174
1614834000,738373724.8118213
1614837600,752624960.2801565
1614841200,743172413.7655972
1614844800,758429702.7336196
1614848400,755287813.8147864
1614852000,744113348.1532838
1614855600,731357653.3603619
1614859200,736553797.8081172
1614862800,735878200.0064745
1614866400,743451199.1551286
1614870000,736694550.4837282
1614873600,738238726.0169687
1614877200,757256078.5846546
1614880800,754806361.2871237
1614884400,753237434.0449002
1614888000,763641924.9793718
1614891600,763673628.7237396
1614895200,767269970.1102105
1614898800,768934390.9146941
1614902400,784005108.5102026
1614906000,757786515.9583968
1614909600,758824048.2201165
1614913200,772666086.1408025
1614916800,767618692.1625748
1614920400,757785981.5613949
1614924000,758240282.7283168
1614927600,759061481.4170357
1614931200,760591235.5034599
1614934800,749674654.7282917
1614938400,744871200.4066978
1614942000,737850948.4674503
1614945600,737580640.3189638
1614949200,742291658.4930182
1614952800,747730259.7431674
1614956400,737099567.1285673
1614960000,732228216.2428842
1614963600,725093919.9580352
1614967200,715118522.2643378
1614970800,693896048.4491614
1614974400,707940629.2728289
1614978000,680465337.7925484
1614981600,676016740.5440772
1614985200,677631574.292347
1614988800,677358625.5813776
1614992400,680189448.5472734
1614996000,676231102.4934957
1614999600,664068756.14182
1615003200,656930305.8005129
1615006800,667199297.2500722
1615010400,680925451.1601688
1615014000,689563780.2898161
1615017600,708510507.7522697
1615021200,721003834.2430166
1615024800,718513578.8231182
1615028400,723478433.7960331
1615032000,720981806.458568
1615035600,715084663.8629687
1615039200,718829957.6102726
1615042800,717563335.1399488
1615046400,724719587.267528
1615050000,723269031.4780859
1615053600,725139593.1026877
1615057200,724097153.0757649
1615060800,708009296.5052142
1615064400,715150371.2324053
1615068000,725096555.3976858
1615071600,733698941.4087131
1615075200,722669187.2547668
1615078800,705660117.1096709
1615082400,688617594.316669
1615086000,696706528.7864698
1615089600,692052809.7043053
1615093200,664192514.6049519
1615096800,652756705.736676
1615100400,643934408.4027499
1615104000,644743962.9205114
1615107600,622406596.658347
1615111200,636795251.3736976
1615114800,633715895.6499321
1615118400,637220318.2343681
1615122000,622442960.9886825
1615125600,619849437.7395978
1615129200,623939061.697437
1615132800,637395173.8955579
1615136400,639954143.7217859
1615140000,634241133.7021294
1615143600,638120598.04596
1615147200,638754062.0716856
1615150800,640493268.8298069
1615154400,627756821.3251312
1615158000,636173359.772055
1615161600,646092369.7324541
1615165200,651943917.6368026
1615168800,654051727.893288
1615172400,642442035.7002928
1615176000,635529333.7260157
1615179600,642026890.7007608
1615183200,662130964.3555338
1615186800,652689894.0016679
1615190400,648910398.0840275
1615194000,646775643.239854
1615197600,650725839.4274199
1615201200,653794366.7510602
1615204800,639598562.4978218
1615208400,647166152.0435543
1615212000,655499164.590838
1615215600,681911111.9622408
1615219200,683103811.552388
1615222800,705507412.5916865
1615226400,696316553.5674284
1615230000,710849832.606691
1615233600,720835433.1177913
1615237200,720914513.1634767
1615240800,734524242.1842625
1615244400,742482972.6990794
1615248000,752031357.3361751
1615251600,739729679.8559908
1615255200,759581718.7491708
1615258800,757312515.9531893
1615262400,759567798.454106
1615266000,761988160.5426979
1615269600,769261002.6172874
1615273200,762817998.0727324
1615276800,752481529.1901112
1615280400,762075567.5842059
1615284000,738728876.1145116
1615287600,750270315.7382972
1615291200,749023773.653674
1615294800,749571239.360572
1615298400,757591734.1042285
1615302000,740930789.051044
1615305600,722608392.2484798
1615309200,708068466.6440971
1615312800,690578105.6520836
1615316400,682111822.0985986
1615320000,677692315.0149871
1615323600,664596858.5967727
1615327200,652127061.2536483
1615330800,658758266.6198999
1615334400,655407735.8958802
1615338000,653324433.6918331
1615341600,643381890.3844405
1615345200,641611318.7187726
1615348800,644897336.850627
1615352400,649674351.2043563
1615356000,643901066.2095112
1615359600,637906966.7917966
1615363200,642645115.1860927
1615366800,644211658.6355522
1615370400,646341298.0885961
1615374000,629674639.6748072
1615377600,634929566.0069138
1615381200,640384848.1312531
1615384800,657657329.806019
1615388400,659381832.5209012
1615392000,640380358.4253452
1615395600,645057471.0058212
1615399200,625386578.4281882
1615402800,641289294.0277848
1615406400,647171651.4767624
1615410000,647459427.1688578
1615413600,649720100.7904174
1615417200,645988179.2743305
1615420800,642570911.8183738
1615424400,629003091.7126982
1615428000,620720911.0669259
1615431600,608117045.5902591
1615435200,603843625.7528917
1615438800,592864817.7012644
1615442400,587846325.314773
1615446000,589392223.5902077
1615449600,580015876.6773468
1615453200,579487235.2516917
1615456800,565998894.6358708
1615460400,577770970.9187636
1615464000,575166339.1617151
1615467600,560479665.7968657
1615471200,563345904.7661003
1615474800,569056330.1077352
1615478400,574491398.3788947
1615482000,577462466.9998764
1615485600,584711520.6112207
1615489200,587267794.2964591
1615492800,582058781.102245
1615496400,577868546.823021
1615500000,568560582.0857561
1615503600,571113290.5420526
1615507200,561027092.8815585
1615510800,561884142.2838022
1615514400,561098389.3097456
1615518000,551967201.4995738
1615521600,547540144.0115591
1615525200,523940154.981655
1615528800,544222833.8739752
1615532400,541305214.4534827
1615536000,541729404.3347752
1615539600,535809979.56276095
1615543200,549390505.9797649
1615546800,548620029.5034423
1615550400,564049154.5689441
1615554000,572779213.8265197
1615557600,575564968.1520402
1615561200,572377694.741779
1615564800,578161909.2064236
1615568400,581953591.6821575
1615572000,582249768.3294555
1615575600,580168812.5245306
1615579200,584356407.4529039
1615582800,582002390.7380544
1615586400,585979600.8099585
1615590000,578983674.519606
1615593600,585755902.1052033
1615597200,583793766.134155
1615600800,589983766.2409904
1615604400,595436962.9590442
1615608000,597691694.5417137
1615611600,602027475.0889759
1615615200,585595373.1700801
1615618800,611354976.7738942
1615622400,616219639.9752789
1615626000,621452664.4294221
1615629600,611944043.6229119
1615633200,640222019.9254824
1615636800,644707992.8505869
1615640400,667138517.8454436
1615644000,648967176.1748388
1615647600,651302231.6686697
1615651200,643651250.6780776
1615654800,642986048.8731842
1615658400,632479001.9429218
1615662000,624224623.420745
1615665600,632003161.0666186
1615669200,650826196.3526247
1615672800,646232173.8492427
1615676400,648151667.2272326
1615680000,660906887.2653836
1615683600,665383876.4851614
1615687200,660574648.285279
1615690800,660719051.016002
1615694400,668878348.4905373
1615698000,674270100.8060857
1615701600,667924514.7951112
1615705200,677875376.0333606
1615708800,676973432.1165748
1615712400,689892104.5384039
1615716000,695347630.0895106
1615719600,666983838.7766006
1615723200,668154537.2451164
1615726800,650948426.6442221
1615730400,644567016.0420868
1615734000,647521076.6447122
1615737600,645062431.2766094
1615741200,635572315.1963713
1615744800,647350166.4989345
1615748400,628814958.5641881
1615752000,635952317.4662325
1615755600,625147803.9476497
1615759200,658742278.8558522
1615762800,670779768.1629508
1615766400,679416025.2816762
1615770000,699242325.6911178
1615773600,710441421.065448
1615777200,708271070.1587771
1615780800,717279841.2927788
1615784400,715179980.9923853
1615788000,707330023.8178207
1615791600,701733508.6157291
1615795200,721181236.1982743
1615798800,705530833.7777573
1615802400,699107771.0234854
1615806000,716810880.8901076
1615809600,716780290.5515226
1615813200,744630695.6465647
1615816800,718059699.1988957
1615820400,738242184.8060406
1615824000,734758362.2821872
1615827600,736180718.9022272
1615831200,748513721.2051047
1615834800,762195705.8232856
1615838400,779568988.467308
1615842000,776661594.8308423
1615845600,782603826.491072
1615849200,775777160.6276822
1615852800,770149474.5971507
1615856400,751380569.9602863
1615860000,755527670.429433
1615863600,741563349.245321
1615867200,740003196.6882179
1615870800,733680955.1068162
1615874400,730965225.718388
1615878000,752470485.797397
1615881600,748630469.4171027
1615885200,754289087.9011621
1615888800,726899346.8032497
1615892400,708616228.0151964
1615896000,692899466.1272975
1615899600,680890128.9194257
1615903200,679916849.7016636
1615906800,662976961.2831945
1615910400,680637438.735185
1615914000,658515317.6243616
1615917600,640953235.0429307
1615921200,642447494.777497
1615924800,650699109.1905326
1615928400,644349614.4665865
1615932000,654935632.8129662
1615935600,649734752.4689964
1615939200,634559956.8332169
1615942800,626537538.5777147
1615946400,618032928.0980204
1615950000,616969321.610039
1615953600,611542666.6826415
1615957200,614084477.8162217
1615960800,613312900.6394471
1615964400,607050642.0920694
1615968000,607407858.2433363
1615971600,604477101.7139318
1615975200,609270765.6859876
1615978800,612892596.5265697
1615982400,617041416.7645909
1615986000,629743829.3967493
1615989600,637298194.7050911
1615993200,639810404.7114029
1615996800,633333796.644976
1616000400,635634516.2214178
1616004000,640768814.930982
1616007600,657493244.4811441
1616011200,658891599.8123953
1616014800,645098466.4440804
1616018400,651913982.1138568
1616022000,639220860.9096202
1616025600,648058959.187159
1616029200,648519955.7371204
1616032800,644293338.4907546
1616036400,634743804.68018
1616040000,634537403.008542
1616043600,634945800.3233129
1616047200,633104057.5764529
1616050800,628646745.7596868
1616054400,615209469.7389344
1616058000,640406262.0230862
1616061600,633813209.7269657
1616065200,622981666.6950042
1616068800,627616949.9766048
1616072400,631596973.1135186
1616076000,626103774.7640185
1616079600,621611451.9810615
1616083200,630997458.5684804
1616086800,624126721.4481181
1616090400,621797252.8340828
1616094000,584972798.6710403
1616097600,583645375.1414583
1616101200,588819815.9553455
1616104800,593941899.7430942
1616108400,590388388.0308955
1616112000,582612377.4302078
1616115600,589844223.6540632
1616119200,589837892.5241418
1616122800,595890673.0767486
1616126400,592420992.4773784
1616130000,579893496.0268487
1616133600,591790462.3807667
1616137200,593991248.5069835
1616140800,595407830.5980291
1616144400,582429760.4580958
1616148000,585508669.4967805
1616151600,583913834.7995607
1616155200,589559836.1376497
1616158800,584802081.5797365
1616162400,578247698.4715304
1616166000,583330357.399731
1616169600,575921371.9574025
1616173200,568724247.5394537
1616176800,569563328.5630873
1616180400,578234846.3234377
1616184000,571440076.3642613
1616187600,566940178.8634
1616191200,557048770.3927078
1616194800,555947416.8952004
1616198400,549138989.9616137
1616202000,538203186.0129015
1616205600,536660562.95968235
1616209200,517247511.8590349
1616212800,518926769.2939379
1616216400,515426301.75534356
1616220000,507205191.3417682
1616223600,497348626.2724086
1616227200,506924837.14983475
1616230800,505880611.8270413
1616234400,497446258.7757468
1616238000,503500153.0173296
1616241600,501807053.7838467
1616245200,513513246.58720917
1616248800,514324626.4958164
1616252400,517755697.62643725
1616256000,526078669.1188112
1616259600,518550877.6413111
1616263200,524479204.3696027
1616266800,535225709.5797359
1616270400,541518631.2758904
1616274000,542880565.4701931
1616277600,537728296.6793295
1616281200,543699029.8802611
1616284800,548576316.4514167
1616288400,547231440.25863
1616292000,548532245.2241639
1616295600,537593295.3066397
1616299200,565067484.9027674
1616302800,573913268.4265839
1616306400,588971093.3725774
1616310000,599897705.0407652
1616313600,606448239.5258939
1616317200,606943661.3237666
1616320800,608706157.0604476
1616324400,612038870.801767
1616328000,616213032.3053156
1616331600,619242915.3087605
1616335200,616009032.9436973
1616338800,608201870.7228452
1616342400,612889660.1207321
1616346000,616008369.2946726
1616349600,626696981.060005
1616353200,637853963.1209358
1616356800,638641777.7337865
1616360400,642624545.2705419
1616364000,654304750.9002609
1616367600,649089718.7246675
1616371200,651968594.2763793
1616374800,647990207.309436
1616378400,658693956.2096847
1616382000,655089502.6474086
1616385600,658202206.8684423
1616389200,660383500.3255126
1616392800,665070891.5013509
1616396400,659641128.0139133
1616400000,651132356.6739701
1616403600,648132894.6589437
1616407200,652298332.8348305
1616410800,655931700.1682115
1616414400,653724539.270657
1616418000,653101722.61585
1616421600,657014048.2034874
1616425200,661868891.2573941
1616428800,659046959.8319459
1616432400,643642748.5699599
1616436000,642718990.2781036
1616439600,641996229.649031
1616443200,644476082.0121545
1616446800,638744188.5569972
1616450400,640864645.7875676
1616454000,643846891.2049327
1616457600,636557417.644695
1616461200,643803078.6049311
1616464800,646453689.2361041
1616468400,645808738.5265613
1616472000,635877010.5009532
1616475600,631316995.9504972
1616479200,629684133.6564242
1616482800,631776884.5316226
1616486400,622232810.9384956
1616490000,644650131.5717006
1616493600,637354318.3290826
1616497200,636448557.5151715
1616500800,643027370.4422908
1616504400,646261718.6700698
1616508000,642398233.5211335
1616511600,644482826.6990854
1616515200,679011092.1624883
1616518800,674023515.9149901
1616522400,688896908.0662339
1616526000,681170242.6596822
1616529600,691911192.9121963
1616533200,689053570.8990916
1616536800,698317170.2472318
1616540400,684994159.5807705
1616544000,682732917.3629266
1616547600,683461140.8975675
1616551200,692096759.0704805
1616554800,696106536.3263505
1616558400,702656549.9135076
1616562000,707136289.4924246
1616565600,695409694.3489028
1616569200,728776565.8959229
1616572800,755859214.9788071
1616576400,749745554.0345206
1616580000,752792547.8603433
1616583600,748217718.133011
1616587200,760641723.2510217
1616590800,759944144.3810803
1616594400,771077854.3039776
1616598000,767529164.5538288
1616601600,745659642.7444092
1616605200,708487185.5534457
1616608800,751062251.1529152
1616612400,712913676.4156919
1616616000,642283673.5189384
1616619600,635408743.3501393
1616623200,627052926.1260653
1616626800,623955058.5385247
1616630400,622006074.5492358
1616634000,631771330.0856738
1616637600,629634329.8399137
1616641200,650340065.8669577
1616644800,666553428.6112291
1616648400,653393785.7869959
1616652000,649510809.2830642
1616655600,640396507.488203
1616659200,636653130.0389404
1616662800,638372640.5380943
1616666400,640211226.3001412
1616670000,629817490.1185389
1616673600,622967979.4981924
1616677200,632473101.1574914
1616680800,606147269.4524972
1616684400,630269609.0506158
1616688000,613399146.3145671
1616691600,597373654.2104636
1616695200,599278580.7406592
1616702400,598996676.7294927
1616706000,584872368.8162005
1616709600,575767629.8075819
1616713200,545233694.7549837
1616716800,534197213.5618404
1616720400,526601645.2771171
1616724000,517029265.07933307
1616727600,525457841.7016364
1616731200,508446794.091921
1616734800,499417164.0865789
1616738400,486503799.6503651
1616742000,482544011.04529434
1616745600,481184000.7479824
1616749200,471255515.4746589
1616752800,483018208.76897633
1616756400,481116526.954951
1616760000,484979458.8480231
1616763600,472129908.8818698
1616767200,472071149.5556846
1616770800,465439170.37743974
1616774400,450851582.21549344
1616778000,453840199.2516291
1616781600,454481603.50739115
1616785200,450288423.0848094
1616788800,456668326.6711045
1616792400,456917620.8122346
1616796000,462501550.9834964
1616799600,462859124.35045207
1616803200,466939760.73345006
1616806800,464095521.5882234
1616810400,458830345.9914496
1616814000,462996429.8672718
1616817600,463053397.5835319
1616821200,455811849.08249927
1616824800,452743217.0728632
1616828400,448218431.45008177
1616832000,441236256.20028085
1616835600,431693195.3043895
1616839200,417844902.8728408
1616842800,414286668.2742813
1616846400,411694247.89366925
1616850000,420311812.59769
1616853600,436969944.09123075
1616857200,456947220.55267555
1616860800,448123925.23546034
1616864400,451899340.8165746
1616868000,451705498.8126434
1616871600,459565208.2627052
1616875200,448091980.39073765
1616878800,464233357.0135956
1616882400,463665559.3014167
1616886000,460991286.3278017
1616889600,473458263.08196074
1616893200,478627184.03260624
1616896800,475153402.0407198
1616900400,473549419.47946125
1616904000,469307058.67165095
1616907600,483541442.7532418
1616911200,490328289.6470034
1616914800,493155425.24302137
1616918400,506558026.0076226
1616922000,513625053.53947526
1616925600,519828022.1884781
1616929200,538884179.7000309
1616932800,540185082.4211783
1616936400,539235624.8075768
1616940000,531612648.45059186
1616943600,532738801.3504187
1616947200,530179777.1140063
1616950800,555018034.7494661
1616954400,562507042.2611643
1616958000,575864944.8153086
1616961600,600376692.7021394
1616965200,603031137.8977443
1616968800,611758694.4440919
1616972400,612634195.1596142
1616976000,647034869.7853328
1616979600,646393070.7388779
1616983200,650596880.8885052
1616986800,670958368.9263002
1616990400,673385556.8383467
1616994000,672716037.8683454
1616997600,670995178.9349741
1617001200,679720873.964061
1617004800,680329400.4892621
1617008400,703719159.7155725
1617012000,705492584.922909
1617015600,687231579.7069951
1617019200,687404051.1604867
1617022800,694074451.7876651
1617026400,698033365.963405
1617030000,684445560.6834465
1617033600,690605591.2192429
1617037200,666525470.1581569
1617040800,663531516.8229253
1617044400,649965581.1416507
1617048000,626296480.9909995
1617051600,615535200.2700735
1617055200,611034608.8349574
1617058800,601008512.3855884
1617062400,582592428.8672191
1617066000,561188617.7627627
1617069600,567584139.913902
1617073200,544943370.6039647
1617076800,539489038.6804413
1617080400,534873803.76535827
1617084000,522925967.19456136
1617087600,527174594.003716
1617091200,514586158.8794946
1617094800,497763188.9662012
1617098400,508835827.7394357
1617102000,517161234.4456338
1617105600,522092159.9649074
1617109200,488506521.74445105
1617112800,512073207.6105584
1617116400,518700525.2873581
1617120000,514987312.0474245
1617123600,511925306.1869945
1617127200,515090865.24895465
1617130800,520174689.05489975
1617134400,520955996.2531691
1617138000,521370157.7553083
1617141600,535515000.4576325
1617145200,537468540.2109429
1617148800,545918387.7211658
1617152400,549384391.2553447
1617156000,551020343.094948
1617159600,590131524.9535356
1617163200,618442109.6244489
1617166800,629276956.7765381
1617170400,658657067.1383735
1617174000,709179760.8273213
1617177600,714446947.2404073
1617181200,714182181.1106172
1617184800,742481174.6457309
1617188400,759743669.096448
1617192000,793134423.2052332
1617195600,787729910.6948185
1617199200,813751901.534892
1617202800,815734195.6247901
1617206400,822583635.6941465
1617210000,810537994.1995829
1617213600,825681450.7559408
1617217200,837638233.6596403
1617220800,836210388.2864877
1617224400,833905104.0375235
1617228000,817149227.7540814
1617231600,839397859.0571138
1617235200,845629789.6889809
1617238800,862254161.0884174
1617242400,863182220.1503114
1617246000,854417209.5438749
1617249600,826533731.190386
1617253200,837300052.764476
1617256800,834010801.1017238
1617260400,825903568.7817911
1617264000,817205530.5889535
1617267600,825587936.738661
1617271200,814968643.3869065
1617274800,780606805.4126235
1617278400,782955327.725826
1617282000,752019780.9450607
1617285600,707496838.08049
1617289200,716910727.3055586
1617292800,712308514.5678492
1617296400,697172821.9801997
1617300000,696831567.4643843
1617303600,702305203.5749795
1617307200,678829847.7581171
1617310800,659138188.8264297
1617314400,669133026.8144244
1617318000,647034842.8378674
1617321600,654806248.7046221
1617325200,680197334.3442299
1617328800,699101521.763904
1617332400,717671442.4640394
1617336000,719162631.877713
1617339600,697170630.8119149
1617343200,686602955.0701308
1617346800,661677790.3971933
1617350400,659507965.7876856
1617354000,637545608.0852375
1617357600,633707492.6899337
1617361200,648588128.5942696
1617364800,657689002.0479752
1617368400,668973789.9799535
1617372000,673369439.6501253
1617375600,692030505.9591061
1617379200,703000510.7464285
1617382800,701687850.5235806
1617386400,688898893.0520705
1617390000,669545948.6566223
1617393600,652431006.4829482
1617397200,655882458.3554962
1617400800,643549788.3915304
1617404400,634813222.8024937
1617408000,634035670.9072989
1617411600,611403006.8553764
1617415200,584659728.6340157
1617418800,566769710.5039612
1617422400,553898947.4563692
1617426000,549685937.4980311
1617429600,546493966.2849993
1617433200,524127951.16937
1617436800,535787770.9488587
1617440400,529079806.5254569
1617444000,527161790.1853294
1617447600,498397925.1034741
1617451200,504468935.9688224
1617454800,490835729.55702114
1617458400,482852504.2380677
1617462000,478094817.582375
1617465600,461888991.38514286
1617469200,460032685.9511998
1617472800,461437086.1695293
1617476400,466346776.97153455
1617480000,463585155.84940344
1617483600,458430765.76899636
1617487200,485543787.09741473
1617490800,519037776.85803217
1617494400,534639175.65050334
1617498000,536159222.3507631
1617501600,542586304.0575922
1617505200,540676447.53736
1617508800,525063803.19494873
1617512400,531045501.6235797
1617516000,535661652.64031655
1617519600,536763015.16355157
1617523200,555367953.648656
1617526800,547870425.403552
1617530400,556669808.8267058
1617534000,607790365.1738832
1617537600,612874347.2593323
1617541200,629363556.4774116
1617544800,630776490.912785
1617548400,642299249.7179241
1617552000,660010062.2212231
1617555600,667107638.1460484
1617559200,658182084.8429261
1617562800,653426550.5079987
1617566400,664699797.0720403
1617570000,662272292.6333058
1617573600,640678167.078833
1617577200,611982387.6066623
1617580800,584183622.4836118
